User,Total_EH,Total_LM,Total_BS,Total_CF,Category
person1,47,26,20,50,6
person2,35,29,41,33,4
person3,10,33,37,39,8
person4,19,31,33,27,9
person5,25,25,20,10,15
person6,10,12,47,10,13
person7,37,40,24,35,2
person8,22,29,16,44,14
person9,20,24,10,22,15
person10,36,20,38,19,5
person11,48,40,36,29,1
person12,45,47,29,21,3
person13,16,45,50,28,9
person14,36,33,10,27,3
person15,31,15,19,22,7
person16,13,46,50,36,8
person17,50,20,19,39,6
person18,31,23,27,30,6
person19,18,42,13,47,10
person20,37,24,30,18,5
person21,27,22,33,20,13
person22,12,48,32,27,9
person23,13,46,35,23,9
person24,29,35,17,31,10
person25,29,42,12,45,10
person26,44,34,18,34,2
person27,33,23,48,40,4
person28,28,29,24,36,14
person29,28,22,45,10,13
person30,21,46,42,35,8
person31,24,21,30,40,12
person32,23,47,42,46,8
person33,49,36,32,35,0
person34,43,17,19,34,6
person35,47,27,23,45,6
person36,39,28,24,34,6
person37,43,49,26,29,3
person38,18,14,30,30,12
person39,17,46,15,25,11
person40,38,32,16,14,3
person41,16,27,12,25,15
person42,24,29,35,36,12
person43,49,47,42,36,0
person44,27,19,39,23,13
person45,39,35,46,29,1
person46,46,27,30,46,4
person47,21,40,28,16,11
person48,28,16,24,26,15
person49,20,33,45,31,8
person50,20,11,22,37,14
person51,10,18,24,28,15
person52,45,18,17,44,6
person53,50,42,50,24,1
person54,19,32,39,31,8
person55,42,21,44,42,4
person56,38,48,12,36,2
person57,15,17,30,25,13
person58,26,29,36,41,12
person59,34,36,47,13,1
person60,30,32,33,40,0
person61,46,18,34,28,5
person62,16,27,34,11,13
person63,42,34,40,33,0
person64,24,48,23,11,11
person65,26,24,29,17,15
person66,21,50,48,11,9
person67,12,35,36,17,9
person68,12,17,14,34,14
person69,31,44,16,21,3
person70,28,34,40,14,9
person71,36,48,28,17,3
person72,36,46,31,43,0
person73,18,48,17,17,11
person74,30,20,11,49,6
person75,19,32,32,45,8
person76,29,33,17,42,10
person77,17,46,34,19,9
person78,39,21,31,19,5
person79,36,13,27,35,6
person80,18,50,28,50,10
person81,27,47,19,33,10
person82,45,22,30,48,4
person83,41,37,12,36,2
person84,42,19,28,44,6
person85,18,26,32,18,13
person86,32,12,45,30,4
person87,30,45,20,33,2
person88,40,41,13,36,2
person89,30,31,28,40,2
person90,16,36,36,36,8
person91,40,47,35,40,0
person92,20,22,13,25,15
person93,46,27,33,33,4
person94,39,13,13,17,7
person95,48,23,49,19,5
person96,39,21,28,16,7
person97,45,12,12,44,6
person98,44,37,39,35,0
person99,34,47,14,26,3
person100,34,14,27,31,6
person101,37,39,31,33,0
person102,45,32,47,49,0
person103,25,12,42,37,12
person104,45,27,23,10,7
person105,17,44,44,27,9
person106,43,24,21,49,6
person107,23,26,16,24,15
person108,39,21,37,11,5
person109,10,34,42,44,8
person110,42,50,30,35,0
person111,41,50,13,12,3
person112,30,24,13,17,7
person113,49,46,18,38,2
person114,31,32,40,36,0
person115,31,27,42,36,4
person116,35,38,26,39,2
person117,19,38,36,21,9
person118,48,13,39,46,4
person119,43,32,45,12,1
person120,14,10,44,26,13
person121,13,26,23,41,14
person122,34,18,50,21,5
person123,42,27,33,28,5
person124,11,30,12,42,10
person125,25,18,39,48,12
person126,27,10,10,45,14
person127,26,11,50,21,13
person128,46,44,28,16,3
person129,14,13,46,34,12
person130,34,34,45,17,1
person131,33,22,39,41,4
person132,20,33,26,50,10
person133,20,39,19,16,11
person134,43,13,45,31,4
person135,42,39,50,22,1
person136,16,14,29,28,15
person137,17,20,41,10,13
person138,15,16,12,40,14
person139,17,37,16,22,11
person140,40,18,25,33,6
person141,33,13,22,37,6
person142,32,20,17,10,7
person143,15,46,23,32,10
person144,28,46,10,47,10
person145,14,42,20,36,10
person146,29,14,49,26,13
person147,50,31,37,33,0
person148,33,23,16,30,6
person149,33,26,34,30,4
person150,42,34,17,32,2
person151,45,48,27,31,2
person152,35,38,42,29,1
person153,50,32,29,36,2
person154,27,30,45,40,8
person155,29,42,26,28,11
person156,30,31,43,43,0
person157,32,37,44,23,1
person158,11,44,33,11,9
person159,41,29,34,16,5
person160,22,47,20,29,11
person161,13,16,16,48,14
person162,10,36,34,46,8
person163,33,19,23,28,7
person164,18,42,47,19,9
person165,13,11,48,27,13
person166,29,15,27,42,14
person167,22,48,43,20,9
person168,25,17,39,13,13
person169,24,31,12,37,10
person170,22,15,15,25,15
person171,21,24,28,10,15
person172,39,12,24,35,6
person173,32,27,14,21,7
person174,43,17,34,38,4
person175,43,24,43,14,5
person176,20,45,33,18,9
person177,35,32,34,11,1
person178,50,35,49,14,1
person179,41,46,44,32,0
person180,42,17,32,46,4
person181,22,22,22,29,15
person182,13,39,39,40,8
person183,16,18,30,14,13
person184,30,16,12,15,7
person185,32,13,29,47,6
person186,38,43,18,20,3
person187,13,17,46,34,12
person188,12,28,13,12,15
person189,42,28,47,25,5
person190,41,26,13,36,6
person191,16,38,26,18,11
person192,32,34,18,41,2
person193,42,28,42,13,5
person194,40,40,44,35,0
person195,28,42,39,18,9
person196,11,25,46,21,13
person197,21,27,36,49,12
person198,20,21,32,23,13
person199,13,41,42,47,8
person200,45,33,26,33,2
person201,33,22,41,43,4
person202,45,36,35,38,0
person203,50,11,45,40,4
person204,23,32,10,11,11
person205,15,35,13,47,10
person206,10,11,35,14,13
person207,46,39,13,11,3
person208,39,29,10,20,7
person209,32,32,24,32,2
person210,33,19,19,30,6
person211,43,42,23,41,2
person212,13,44,12,10,11
person213,49,32,20,34,2
person214,11,21,11,15,15
person215,33,43,42,27,1
person216,25,35,50,49,8
person217,43,45,10,21,3
person218,50,17,31,34,4
person219,30,12,42,38,4
person220,47,40,39,13,1
person221,41,25,25,23,7
person222,27,37,19,35,10
person223,33,16,31,42,4
person224,23,26,36,18,13
person225,39,44,35,46,0
person226,36,29,18,22,7
person227,26,31,31,41,8
person228,24,44,34,17,9
person229,49,12,21,49,6
person230,46,23,24,43,6
person231,43,22,24,28,7
person232,22,41,42,36,8
person233,11,38,20,16,11
person234,13,48,23,25,11
person235,19,28,12,47,14
person236,48,29,19,13,7
person237,17,20,30,15,13
person238,17,44,31,47,8
person239,36,28,10,31,6
person240,24,42,35,44,8
person241,21,47,43,49,8
person242,15,26,10,36,14
person243,15,22,45,27,13
person244,24,42,19,46,10
person245,19,19,13,48,14
person246,38,15,25,33,6
person247,25,44,41,33,8
person248,46,45,20,29,3
person249,16,40,42,19,9
person250,17,47,34,23,9
person251,13,41,34,19,9
person252,29,42,29,37,10
person253,43,10,34,19,5
person254,49,16,18,25,7
person255,38,28,36,18,5
person256,33,41,47,47,0
person257,13,36,15,33,10
person258,45,35,18,37,2
person259,40,32,11,37,2
person260,12,16,25,41,14
person261,12,26,39,29,13
person262,28,21,19,29,15
person263,37,40,49,40,0
person264,25,17,22,26,15
person265,29,50,20,50,10
person266,45,28,49,41,4
person267,24,14,10,12,15
person268,50,24,33,20,5
person269,16,30,19,12,11
person270,35,47,14,10,3
person271,32,49,45,50,0
person272,31,37,40,16,1
person273,34,34,41,45,0
person274,31,26,33,48,4
person275,21,33,10,35,10
person276,39,24,23,45,6
person277,27,27,36,17,13
person278,28,44,23,43,10
person279,48,42,23,49,2
person280,38,34,34,29,1
person281,12,15,30,19,13
person282,48,45,37,16,1
person283,12,36,24,20,11
person284,26,39,40,19,9
person285,43,29,20,12,7
person286,26,15,43,14,13
person287,27,50,30,29,9
person288,29,11,31,17,13
person289,36,43,16,31,2
person290,42,15,40,32,4
person291,22,13,15,41,14
person292,28,21,43,15,13
person293,47,25,11,28,7
person294,22,29,39,37,12
person295,33,30,17,16,3
person296,40,18,10,36,6
person297,41,38,25,49,2
person298,21,36,33,32,8
person299,37,42,44,33,0
person300,46,30,28,50,2
person301,17,24,19,38,14
person302,16,10,28,16,15
person303,31,10,11,19,7
person304,43,31,17,49,2
person305,10,32,47,17,9
person306,16,18,41,11,13
person307,25,39,48,48,8
person308,41,43,24,30,2
person309,40,10,38,23,5
person310,31,28,24,42,6
person311,36,21,47,46,4
person312,11,30,34,40,8
person313,34,44,25,28,3
person314,16,30,23,45,10
person315,11,50,22,14,11
person316,18,13,30,13,13
person317,18,15,11,19,15
person318,31,34,17,45,2
person319,24,29,46,50,12
person320,42,17,15,46,6
person321,49,32,24,35,2
person322,27,22,22,39,14
person323,42,15,48,41,4
person324,24,36,36,42,8
person325,21,34,49,43,8
person326,44,42,22,23,3
person327,46,44,45,10,1
person328,18,50,21,20,11
person329,18,49,29,10,11
person330,36,15,26,33,6
person331,42,44,40,22,1
person332,29,45,22,17,11
person333,25,42,24,16,11
person334,48,22,32,35,4
person335,38,45,24,48,2
person336,43,19,30,31,4
person337,27,17,19,27,15
person338,17,28,30,20,13
person339,29,12,40,19,13
person340,22,30,15,28,11
person341,44,29,31,34,4
person342,39,47,15,35,2
person343,50,25,41,16,5
person344,32,31,46,41,0
person345,22,19,43,34,12
person346,25,15,31,45,12
person347,18,35,38,42,8
person348,42,18,44,29,5
person349,41,33,40,10,1
person350,50,42,33,28,1
person351,44,33,36,27,1
person352,21,11,36,41,12
person353,30,30,17,20,3
person354,10,11,25,11,15
person355,37,17,21,46,6
person356,47,48,33,12,1
person357,26,34,12,43,10
person358,42,21,21,37,6
person359,24,17,23,20,15
person360,43,45,46,33,0
person361,12,19,42,10,13
person362,39,12,29,14,7
person363,36,39,16,25,3
person364,11,32,28,18,11
person365,10,11,14,34,14
person366,50,38,11,23,3
person367,28,32,15,25,11
person368,19,13,36,49,12
person369,44,42,33,14,1
person370,46,22,43,39,4
person371,25,33,15,27,11
person372,16,40,44,14,9
person373,10,22,32,46,12
person374,11,18,48,32,12
person375,44,39,46,30,0
person376,47,12,34,27,5
person377,14,48,48,21,9
person378,49,38,11,20,3
person379,46,38,11,14,3
person380,34,26,31,20,5
person381,41,26,44,10,5
person382,36,42,28,37,2
person383,21,50,24,20,11
person384,40,23,36,47,4
person385,45,12,38,13,5
person386,44,42,11,42,2
person387,50,48,12,47,2
person388,36,24,40,10,5
person389,14,45,30,28,9
person390,10,34,35,13,9
person391,47,23,23,39,6
person392,24,32,48,28,9
person393,31,48,23,12,3
person394,37,44,15,45,2
person395,42,19,20,37,6
person396,48,17,47,35,4
person397,14,32,48,39,8
person398,29,19,29,40,14
person399,14,50,13,44,10
person400,28,20,30,31,12
person401,47,20,42,32,4
person402,34,13,33,42,4
person403,38,15,34,41,4
person404,50,15,23,48,6
person405,21,43,38,35,8
person406,41,15,30,25,5
person407,25,24,10,42,14
person408,41,10,32,24,5
person409,41,32,26,27,3
person410,46,44,20,13,3
person411,50,24,48,49,4
person412,19,45,23,35,10
person413,16,28,23,31,14
person414,35,17,44,27,5
person415,21,39,27,47,10
person416,46,44,13,17,3
person417,43,36,43,31,0
person418,20,40,30,11,9
person419,22,36,28,21,11
person420,24,35,48,44,8
person421,45,48,34,33,0
person422,28,33,15,44,10
person423,43,18,43,10,5
person424,42,25,28,49,6
person425,36,43,25,21,3
person426,31,42,46,41,0
person427,40,24,28,47,6
person428,30,33,39,25,1
person429,33,47,39,17,1
person430,16,29,16,37,14
person431,17,37,50,50,8
person432,27,44,34,16,9
person433,14,50,21,22,11
person434,29,47,26,14,11
person435,13,26,29,40,14
person436,16,11,33,14,13
person437,13,30,14,48,10
person438,35,45,10,35,2
person439,17,42,35,19,9
person440,36,28,45,18,5
person441,39,24,31,16,5
person442,43,27,50,29,5
person443,17,37,44,37,8
person444,27,21,19,39,14
person445,48,31,49,50,0
person446,43,29,20,10,7
person447,10,22,49,44,12
person448,29,23,16,24,15
person449,28,45,32,19,9
person450,34,47,45,25,1
person451,40,32,29,15,3
person452,18,45,29,17,11
person453,44,27,14,35,6
person454,12,22,22,18,15
person455,47,40,38,26,1
person456,25,15,37,13,13
person457,30,21,39,45,4
person458,37,34,47,20,1
person459,41,49,36,28,1
person460,44,12,31,25,5
person461,20,43,20,34,10
person462,13,26,38,49,12
person463,44,14,18,23,7
person464,16,29,39,13,13
person465,29,25,30,35,12
person466,44,30,49,49,0
person467,39,49,33,27,1
person468,25,40,26,14,11
person469,43,23,35,41,4
person470,24,26,14,28,15
person471,26,42,15,38,10
person472,11,35,22,25,11
person473,41,46,10,32,2
person474,46,30,33,37,0
person475,17,19,15,33,14
person476,35,45,19,38,2
person477,13,39,14,39,10
person478,18,38,47,38,8
person479,10,33,35,11,9
person480,32,39,29,36,2
person481,17,24,18,42,14
person482,29,23,25,23,15
person483,41,43,41,47,0
person484,20,39,36,10,9
person485,38,14,40,50,4
person486,16,21,24,27,15
person487,43,34,36,19,1
person488,38,35,11,29,3
person489,23,38,40,12,9
person490,24,36,12,36,10
person491,27,49,20,14,11
person492,50,21,28,19,7
person493,20,27,14,50,14
person494,42,33,19,39,2
person495,33,24,49,32,4
person496,46,14,11,10,7
person497,33,14,49,39,4
person498,45,46,31,36,0
person499,50,40,25,24,3
person500,26,20,37,13,13
person501,47,34,50,28,1
person502,29,42,41,22,9
person503,12,35,13,28,11
person504,12,34,29,41,10
person505,10,30,44,15,9
person506,46,14,23,28,7
person507,24,26,39,29,13
person508,12,38,33,47,8
person509,17,38,32,43,8
person510,20,44,30,20,9
person511,42,47,16,23,3
person512,25,32,42,39,8
person513,23,45,41,20,9
person514,30,49,11,21,3
person515,43,31,41,35,0
person516,23,28,30,23,13
person517,16,34,32,27,9
person518,36,20,46,37,4
person519,35,50,47,12,1
person520,11,41,19,16,11
person521,40,12,39,15,5
person522,17,49,23,50,10
person523,24,18,27,25,15
person524,32,50,16,23,3
person525,39,13,28,32,6
person526,38,21,31,48,4
person527,30,39,12,17,3
person528,41,32,14,44,2
person529,42,46,36,15,1
person530,28,37,21,19,11
person531,50,42,40,41,0
person532,43,48,45,17,1
person533,15,43,21,30,10
person534,34,16,22,15,7
person535,13,50,10,34,10
person536,14,26,34,48,12
person537,12,28,40,35,12
person538,29,39,25,18,11
person539,42,22,25,49,6
person540,47,17,19,49,6
person541,45,50,37,13,1
person542,32,14,39,47,4
person543,13,33,41,27,9
person544,36,36,29,42,2
person545,22,21,11,32,14
person546,14,11,40,15,13
person547,32,29,16,27,7
person548,28,19,32,33,12
person549,11,33,14,23,11
person550,37,35,48,16,1
person551,32,33,33,19,1
person552,48,19,28,32,6
person553,29,27,32,43,12
person554,23,42,45,19,9
person555,12,26,13,15,15
person556,31,11,36,28,5
person557,45,26,34,25,5
person558,24,11,13,37,14
person559,36,38,17,25,3
person560,43,37,16,38,2
person561,16,42,49,11,9
person562,25,39,50,46,8
person563,32,22,17,11,7
person564,23,23,17,18,15
person565,23,16,19,17,15
person566,49,46,27,17,3
person567,19,16,48,10,13
person568,49,12,28,25,7
person569,42,17,23,34,6
person570,36,31,34,37,0
person571,14,26,19,20,15
person572,40,24,33,34,4
person573,23,41,10,29,11
person574,47,20,29,13,7
person575,41,43,45,22,1
person576,48,27,38,20,5
person577,47,31,17,16,3
person578,21,48,19,39,10
person579,27,16,11,48,14
person580,18,43,20,41,10
person581,48,27,44,29,5
person582,29,34,31,43,8
person583,15,22,44,22,13
person584,46,35,27,24,3
person585,10,36,31,43,8
person586,20,15,50,29,13
person587,17,39,50,45,8
person588,21,44,42,31,8
person589,18,15,22,15,15
person590,31,25,48,19,5
person591,40,22,29,27,7
person592,10,22,23,44,14
person593,27,15,16,27,15
person594,30,15,23,18,7
person595,38,21,37,41,4
person596,40,24,24,50,6
person597,47,29,41,14,5
person598,37,49,19,31,2
person599,31,28,41,34,4
person600,48,39,13,19,3
person601,17,48,41,47,8
person602,27,38,37,35,8
person603,25,11,41,29,13
person604,38,46,33,49,0
person605,22,35,32,13,9
person606,12,11,37,41,12
person607,11,11,14,17,15
person608,37,13,23,44,6
person609,41,20,22,43,6
person610,25,37,49,49,8
person611,47,48,27,11,3
person612,15,29,13,20,15
person613,38,43,28,46,2
person614,38,29,24,14,7
person615,49,18,21,43,6
person616,25,27,13,45,14
person617,15,27,25,48,14
person618,46,14,22,50,6
person619,45,27,35,41,4
person620,49,46,31,44,0
person621,26,23,36,46,12
person622,39,14,18,12,7
person623,12,26,14,38,14
person624,29,35,43,18,9
person625,27,14,13,20,15
person626,45,43,39,44,0
person627,16,31,31,43,8
person628,17,45,26,44,10
person629,47,31,20,36,2
person630,10,32,47,49,8
person631,30,21,29,23,7
person632,10,25,28,36,14
person633,33,36,11,42,2
person634,41,46,23,13,3
person635,48,19,23,12,7
person636,23,39,47,21,9
person637,50,39,15,29,3
person638,50,50,31,39,0
person639,30,44,18,28,3
person640,48,13,23,26,7
person641,21,47,43,26,9
person642,39,31,14,23,3
person643,25,31,50,20,9
person644,46,11,27,14,7
person645,48,12,16,24,7
person646,13,12,36,27,13
person647,27,18,28,44,14
person648,17,40,29,10,11
person649,12,39,20,30,10
person650,39,11,39,48,4
person651,41,14,45,30,4
person652,19,19,31,23,13
person653,21,45,43,11,9
person654,47,49,28,11,3
person655,20,23,45,10,13
person656,42,45,12,34,2
person657,21,41,12,31,10
person658,29,12,23,47,14
person659,36,33,40,41,0
person660,18,19,32,26,13
person661,27,24,17,19,15
person662,44,27,11,43,6
person663,16,18,33,29,13
person664,34,41,47,47,0
person665,31,48,36,12,1
person666,13,40,23,24,11
person667,47,11,19,45,6
person668,22,12,48,24,13
person669,44,27,32,38,4
person670,17,50,17,34,10
person671,28,31,18,12,11
person672,42,40,38,36,0
person673,42,18,38,45,4
person674,31,12,38,48,4
person675,46,22,25,35,6
person676,46,10,32,32,4
person677,46,20,12,32,6
person678,15,41,38,47,8
person679,20,20,45,17,13
person680,21,34,42,39,8
person681,35,21,45,39,4
person682,30,49,33,26,1
person683,36,48,10,32,2
person684,34,42,26,50,2
person685,22,38,12,18,11
person686,43,33,22,46,2
person687,50,34,35,21,1
person688,22,35,23,12,11
person689,23,12,35,35,12
person690,20,34,14,25,11
person691,48,27,11,37,6
person692,48,33,36,45,0
person693,12,36,37,40,8
person694,37,44,14,43,2
person695,31,29,48,31,4
person696,29,45,19,48,10
person697,18,43,33,29,9
person698,23,40,33,13,9
person699,16,50,14,39,10
person700,41,27,48,25,5
person701,22,38,38,12,9
person702,37,26,25,17,7
person703,32,11,42,38,4
person704,35,50,31,47,0
person705,16,12,25,23,15
person706,20,26,12,23,15
person707,44,47,20,21,3
person708,44,26,36,19,5
person709,25,22,48,19,13
person710,16,50,34,48,8
person711,29,24,11,19,15
person712,23,22,19,11,15
person713,49,34,48,28,1
person714,17,47,12,37,10
person715,18,27,21,46,14
person716,44,12,22,19,7
person717,38,11,10,10,7
person718,44,39,10,27,3
person719,35,37,12,48,2
person720,27,26,21,30,14
person721,25,20,24,47,14
person722,42,21,10,13,7
person723,32,24,43,12,5
person724,27,19,16,42,14
person725,34,11,50,36,4
person726,10,12,19,34,14
person727,33,34,41,47,0
person728,34,36,24,47,2
person729,16,13,17,24,15
person730,17,25,45,49,12
person731,34,37,38,40,0
person732,27,42,20,13,11
person733,46,10,42,33,4
person734,43,48,30,16,1
person735,14,28,32,10,13
person736,11,41,32,16,9
person737,11,21,18,23,15
person738,40,21,36,39,4
person739,25,39,18,12,11
person740,24,18,15,41,14
person741,34,20,34,33,4
person742,37,25,46,42,4
person743,44,20,21,20,7
person744,16,49,40,42,8
person745,20,18,22,23,15
person746,36,18,13,24,7
person747,37,30,12,11,3
person748,50,28,26,37,6
person749,37,35,47,36,0
person750,15,27,12,18,15
person751,27,28,36,26,13
person752,38,50,46,22,1
person753,20,45,39,39,8
person754,39,15,45,47,4
person755,39,43,45,12,1
person756,16,23,18,33,14
person757,39,42,17,30,2
person758,38,38,36,28,1
person759,32,11,23,49,6
person760,17,22,43,45,12
person761,48,34,10,47,2
person762,30,29,33,39,4
person763,14,14,48,33,12
person764,32,28,13,28,7
person765,16,48,22,28,11
person766,24,30,10,19,11
person767,18,30,37,13,9
person768,18,45,43,47,8
person769,35,38,49,46,0
person770,40,28,23,43,6
person771,46,19,22,47,6
person772,21,14,16,49,14
person773,10,30,35,32,8
person774,28,15,43,22,13
person775,17,12,24,15,15
person776,20,41,14,16,11
person777,24,49,32,23,9
person778,42,41,31,12,1
person779,46,45,49,31,0
person780,15,50,26,35,10
person781,50,22,26,19,7
person782,31,31,48,34,0
person783,11,22,29,44,14
person784,17,14,17,21,15
person785,48,20,27,18,7
person786,47,48,20,38,2
person787,37,46,22,10,3
person788,36,35,39,19,1
person789,25,50,44,50,8
person790,27,30,40,43,8
person791,34,41,39,49,0
person792,44,14,38,37,4
person793,29,41,30,13,9
person794,37,13,36,22,5
person795,24,36,44,39,8
person796,22,31,25,41,10
person797,31,39,15,26,3
person798,33,34,10,14,3
person799,12,26,40,33,12
person800,47,10,46,36,4
person801,21,41,17,49,10
person802,35,43,15,30,2
person803,24,23,35,36,12
person804,12,15,42,15,13
person805,36,11,13,15,7
person806,42,48,38,46,0
person807,30,20,42,21,5
person808,12,20,17,50,14
person809,50,47,34,20,1
person810,27,12,21,18,15
person811,35,28,12,18,7
person812,28,48,42,33,8
person813,25,27,38,10,13
person814,19,13,49,12,13
person815,28,36,35,17,9
person816,32,12,36,46,4
person817,13,23,33,26,13
person818,14,45,39,31,8
person819,25,25,40,28,13
person820,36,16,14,10,7
person821,27,25,43,13,13
person822,46,34,28,36,2
person823,47,46,11,31,2
person824,22,45,16,22,11
person825,47,44,15,47,2
person826,18,17,10,32,14
person827,29,43,44,36,8
person828,20,22,42,47,12
person829,19,14,20,16,15
person830,19,22,27,21,15
person831,49,41,34,31,0
person832,31,38,23,19,3
person833,46,28,15,27,7
person834,27,25,40,35,12
person835,36,48,13,37,2
person836,43,32,47,25,1
person837,22,33,22,18,11
person838,18,38,50,15,9
person839,31,27,44,38,4
person840,44,23,39,11,5
person841,11,48,23,22,11
person842,29,23,11,11,15
person843,47,20,21,17,7
person844,43,23,46,31,4
person845,23,28,32,30,12
person846,31,13,46,10,5
person847,19,47,46,21,9
person848,36,38,30,33,0
person849,10,16,30,35,12
person850,10,40,41,50,8
person851,41,49,10,28,3
person852,35,33,27,38,2
person853,41,38,15,46,2
person854,20,41,13,20,11
person855,35,24,15,40,6
person856,48,44,35,39,0
person857,11,44,14,43,10
person858,19,42,41,11,9
person859,26,45,40,36,8
person860,20,34,38,14,9
person861,16,16,36,18,13
person862,25,20,14,33,14
person863,34,29,49,17,5
person864,10,38,40,18,9
person865,13,32,15,23,11
person866,43,43,29,39,2
person867,38,26,18,10,7
person868,12,47,49,31,8
person869,30,21,31,12,5
person870,23,31,24,38,10
person871,31,31,27,28,3
person872,16,28,15,18,15
person873,15,19,15,31,14
person874,14,17,42,35,12
person875,47,26,43,18,5
person876,12,33,18,35,10
person877,32,12,25,16,7
person878,33,39,28,34,2
person879,49,23,18,36,6
person880,12,12,27,46,14
person881,47,20,10,39,6
person882,11,41,33,33,8
person883,45,50,40,41,0
person884,41,49,37,28,1
person885,41,44,20,33,2
person886,35,21,37,39,4
person887,31,50,20,38,2
person888,24,28,48,20,13
person889,13,48,19,17,11
person890,33,36,47,40,0
person891,35,20,50,26,5
person892,30,47,43,35,0
person893,23,42,49,25,9
person894,34,22,25,26,7
person895,24,47,10,39,10
person896,48,48,48,22,1
person897,43,22,39,38,4
person898,10,15,19,16,15
person899,26,10,26,43,14
person900,42,20,31,15,5
person901,34,27,30,24,5
person902,49,21,45,26,5
person903,44,45,19,19,3
person904,31,43,41,18,1
person905,26,17,28,46,14
person906,40,30,44,24,1
person907,43,13,35,22,5
person908,27,42,27,30,10
person909,24,11,24,45,14
person910,24,13,12,33,14
person911,24,50,34,36,8
person912,29,28,22,15,15
person913,40,11,26,12,7
person914,47,34,19,42,2
person915,39,39,13,33,2
person916,47,22,38,49,4
person917,44,12,42,16,5
person918,12,11,50,43,12
person919,11,48,11,20,11
person920,39,33,50,23,1
person921,26,18,22,32,14
person922,25,34,34,50,8
person923,34,28,45,49,4
person924,24,27,10,15,15
person925,26,20,42,17,13
person926,28,28,11,38,14
person927,19,43,32,12,9
person928,19,50,13,10,11
person929,31,19,29,34,6
person930,40,15,16,32,6
person931,32,47,29,49,2
person932,25,45,30,36,8
person933,40,41,15,33,2
person934,28,48,13,27,11
person935,28,45,39,36,8
person936,16,38,31,26,9
person937,35,26,18,25,7
person938,26,14,42,17,13
person939,10,10,26,42,14
person940,30,47,32,23,1
person941,25,27,16,22,15
person942,42,32,46,43,0
person943,11,27,24,19,15
person944,46,12,28,31,6
person945,45,36,43,15,1
person946,27,22,10,23,15
person947,44,22,46,31,4
person948,19,33,42,43,8
person949,43,42,10,34,2
person950,47,48,19,40,2
person951,16,38,41,40,8
person952,23,45,26,31,10
person953,36,23,39,49,4
person954,34,30,34,34,0
person955,49,20,34,20,5
person956,33,40,25,23,3
person957,26,18,34,48,12
person958,25,32,40,17,9
person959,21,41,40,30,8
person960,21,31,19,22,11
person961,45,12,13,49,6
person962,30,37,26,13,3
person963,26,36,43,26,9
person964,36,29,33,48,4
person965,27,44,20,36,10
person966,14,48,34,15,9
person967,33,12,13,23,7
person968,37,23,34,17,5
person969,33,20,43,12,5
person970,32,21,23,25,7
person971,36,15,23,35,6
person972,35,14,20,40,6
person973,19,29,24,24,15
person974,47,42,13,37,2
person975,35,24,45,40,4
person976,50,18,18,25,7
person977,39,16,29,21,7
person978,26,37,22,16,11
person979,29,23,50,30,12
person980,41,12,40,13,5
person981,16,10,40,37,12
person982,27,13,10,37,14
person983,25,29,40,12,13
person984,43,18,48,10,5
person985,32,42,49,48,0
person986,35,19,22,21,7
person987,31,12,15,12,7
person988,31,20,18,44,6
person989,33,11,33,30,4
person990,30,50,15,30,2
person991,33,14,16,23,7
person992,16,24,36,20,13
person993,32,24,32,44,4
person994,20,22,11,50,14
person995,42,19,42,11,5
person996,37,13,11,34,6
person997,38,38,44,18,1
person998,18,42,38,11,9
person999,13,11,48,21,13
person1000,24,44,16,32,10
person1001,29,45,10,24,11
person1002,15,12,15,17,15
person1003,29,44,47,41,8
person1004,42,39,33,29,1
person1005,23,30,49,10,9
person1006,12,45,19,49,10
person1007,44,34,47,22,1
person1008,11,11,38,17,13
person1009,18,46,27,42,10
person1010,50,30,27,18,3
person1011,48,47,41,10,1
person1012,14,39,32,31,8
person1013,34,17,39,20,5
person1014,43,30,50,45,0
person1015,11,48,19,37,10
person1016,22,10,22,23,15
person1017,28,34,50,20,9
person1018,21,33,19,34,10
person1019,38,26,40,18,5
person1020,27,42,16,27,11
person1021,44,36,20,37,2
person1022,36,31,43,15,1
person1023,39,18,44,45,4
person1024,27,48,26,20,11
person1025,50,13,48,39,4
person1026,27,20,34,37,12
person1027,13,21,37,36,12
person1028,25,41,20,50,10
person1029,46,23,23,21,7
person1030,47,21,49,32,4
person1031,38,17,14,47,6
person1032,33,27,24,27,7
person1033,42,19,48,29,5
person1034,15,44,42,30,8
person1035,21,38,15,49,10
person1036,49,11,36,24,5
person1037,16,24,46,29,13
person1038,17,47,37,49,8
person1039,25,15,46,30,12
person1040,29,21,44,38,12
person1041,45,24,20,35,6
person1042,16,47,45,16,9
person1043,45,18,30,15,5
person1044,49,16,15,48,6
person1045,34,29,19,34,6
person1046,22,38,33,11,9
person1047,28,19,12,37,14
person1048,26,23,42,24,13
person1049,42,42,24,44,2
person1050,43,31,29,12,3
person1051,21,43,37,50,8
person1052,39,35,46,50,0
person1053,26,19,16,36,14
person1054,25,33,40,34,8
person1055,49,13,50,47,4
person1056,45,10,50,45,4
person1057,47,40,19,38,2
person1058,47,44,37,29,1
person1059,11,24,19,29,15
person1060,10,40,19,19,11
person1061,43,38,46,20,1
person1062,23,43,10,14,11
person1063,38,10,17,14,7
person1064,27,31,40,44,8
person1065,50,31,49,32,0
person1066,30,23,14,40,6
person1067,25,45,15,47,10
person1068,10,30,37,36,8
person1069,42,48,33,18,1
person1070,25,45,27,30,10
person1071,18,49,45,32,8
person1072,50,40,38,36,0
person1073,15,49,45,26,9
person1074,49,30,15,10,3
person1075,21,32,26,39,10
person1076,27,18,16,38,14
person1077,22,29,42,38,12
person1078,11,17,42,18,13
person1079,40,50,11,15,3
person1080,31,43,40,21,1
person1081,25,46,27,15,11
person1082,22,22,44,37,12
person1083,33,18,27,23,7
person1084,47,47,34,11,1
person1085,19,17,24,43,14
person1086,46,22,44,31,4
person1087,36,12,49,42,4
person1088,36,23,32,27,5
person1089,38,19,19,16,7
person1090,37,17,36,38,4
person1091,42,45,35,31,0
person1092,34,45,32,43,0
person1093,27,36,29,37,10
person1094,17,38,44,20,9
person1095,17,23,49,19,13
person1096,44,17,29,18,7
person1097,43,49,41,12,1
person1098,28,16,33,29,13
person1099,23,29,47,15,13
person1100,44,39,19,16,3
person1101,20,16,40,48,12
person1102,50,18,11,22,7
person1103,33,22,33,19,5
person1104,23,12,18,50,14
person1105,31,44,28,38,2
person1106,11,33,10,41,10
person1107,46,50,36,14,1
person1108,32,26,44,46,4
person1109,17,35,34,37,8
person1110,32,45,28,13,3
person1111,13,21,20,31,14
person1112,15,46,13,38,10
person1113,38,18,28,45,6
person1114,33,44,33,15,1
person1115,45,16,40,49,4
person1116,28,35,14,23,11
person1117,27,26,50,34,12
person1118,27,36,12,47,10
person1119,28,44,42,24,9
person1120,44,33,29,11,3
person1121,32,24,46,12,5
person1122,34,45,27,40,2
person1123,22,11,30,20,13
person1124,11,21,20,24,15
person1125,32,25,11,25,7
person1126,40,19,12,47,6
person1127,32,47,31,22,1
person1128,47,47,40,43,0
person1129,46,22,23,18,7
person1130,27,38,26,21,11
person1131,35,39,49,46,0
person1132,11,28,30,35,12
person1133,12,28,17,47,14
person1134,24,18,22,33,14
person1135,23,29,12,12,15
person1136,20,13,44,20,13
person1137,23,45,23,48,10
person1138,13,18,21,22,15
person1139,12,41,24,32,10
person1140,19,39,23,27,11
person1141,43,30,25,25,3
person1142,41,40,30,40,0
person1143,28,18,30,30,12
person1144,46,28,40,32,4
person1145,42,39,19,28,3
person1146,33,48,10,16,3
person1147,41,47,15,23,3
person1148,35,28,28,10,7
person1149,24,46,14,35,10
person1150,17,34,14,13,11
person1151,42,30,40,29,1
person1152,44,34,16,11,3
person1153,28,12,25,22,15
person1154,45,14,18,20,7
person1155,36,36,27,10,3
person1156,49,44,15,22,3
person1157,47,13,18,40,6
person1158,20,16,23,40,14
person1159,18,40,20,40,10
person1160,49,43,18,10,3
person1161,44,11,30,24,5
person1162,35,37,29,29,3
person1163,41,12,39,30,4
person1164,30,32,14,32,2
person1165,10,32,43,50,8
person1166,26,15,29,22,15
person1167,37,26,33,37,4
person1168,40,50,13,20,3
person1169,39,33,33,36,0
person1170,12,48,35,21,9
person1171,27,10,40,21,13
person1172,48,29,36,16,5
person1173,22,34,41,17,9
person1174,38,24,17,29,7
person1175,35,50,19,27,3
person1176,12,25,41,30,12
person1177,13,42,35,30,8
person1178,24,28,25,37,14
person1179,27,29,13,43,14
person1180,35,21,15,33,6
person1181,42,10,43,35,4
person1182,26,42,12,12,11
person1183,16,46,38,30,8
person1184,24,48,42,50,8
person1185,24,27,17,28,15
person1186,31,27,32,32,4
person1187,36,47,33,32,0
person1188,47,36,44,49,0
person1189,30,46,11,32,2
person1190,21,41,31,32,8
person1191,32,42,15,38,2
person1192,11,31,43,39,8
person1193,10,37,40,10,9
person1194,38,48,19,35,2
person1195,26,32,21,15,11
person1196,19,10,20,44,14
person1197,49,43,15,29,3
person1198,22,15,23,30,14
person1199,11,17,33,20,13
person1200,39,19,12,43,6
person1201,33,17,20,47,6
person1202,45,16,29,40,6
person1203,19,19,22,33,14
person1204,27,44,33,16,9
person1205,20,38,43,32,8
person1206,33,36,34,21,1
person1207,27,12,32,21,13
person1208,35,18,31,32,4
person1209,12,32,48,50,8
person1210,28,14,17,30,14
person1211,49,36,30,17,1
person1212,15,48,15,28,11
person1213,47,39,50,11,1
person1214,30,45,26,27,3
person1215,13,27,15,12,15
person1216,18,36,29,43,10
person1217,47,35,50,26,1
person1218,43,33,49,16,1
person1219,43,13,12,18,7
person1220,48,24,16,46,6
person1221,37,26,16,49,6
person1222,22,25,15,31,14
person1223,42,32,11,41,2
person1224,32,36,46,44,0
person1225,12,47,23,48,10
person1226,47,13,24,21,7
person1227,14,17,19,21,15
person1228,25,18,46,12,13
person1229,22,21,11,39,14
person1230,20,16,38,29,13
person1231,47,46,29,21,3
person1232,34,49,29,49,2
person1233,40,36,34,42,0
person1234,21,42,13,46,10
person1235,31,18,26,38,6
person1236,43,18,41,40,4
person1237,26,50,49,18,9
person1238,23,31,35,20,9
person1239,25,38,10,26,11
person1240,23,13,11,46,14
person1241,43,40,18,30,2
person1242,13,45,49,36,8
person1243,31,34,30,42,0
person1244,26,41,27,30,10
person1245,26,18,47,46,12
person1246,33,21,40,20,5
person1247,31,33,24,34,2
person1248,14,28,21,40,14
person1249,20,28,16,37,14
person1250,11,43,39,18,9
person1251,47,31,21,35,2
person1252,13,24,42,27,13
person1253,44,23,44,46,4
person1254,31,41,18,13,3
person1255,15,12,24,24,15
person1256,10,17,47,23,13
person1257,30,46,34,36,0
person1258,22,50,28,37,10
person1259,18,17,25,35,14
person1260,10,19,43,41,12
person1261,49,41,32,12,1
person1262,47,19,50,48,4
person1263,42,48,17,27,3
person1264,30,16,11,44,6
person1265,23,42,26,35,10
person1266,27,36,34,16,9
person1267,27,12,16,45,14
person1268,19,46,41,22,9
person1269,16,41,13,10,11
person1270,28,38,17,19,11
person1271,48,17,48,26,5
person1272,31,24,30,35,4
person1273,43,23,35,10,5
person1274,47,19,22,50,6
person1275,26,19,40,26,13
person1276,23,34,46,32,8
person1277,26,22,42,22,13
person1278,49,15,47,42,4
person1279,34,19,46,25,5
person1280,33,15,34,13,5
person1281,40,25,40,25,5
person1282,14,46,19,22,11
person1283,18,17,48,44,12
person1284,27,22,28,31,14
person1285,22,39,36,22,9
person1286,46,23,32,19,5
person1287,45,18,43,31,4
person1288,45,14,31,15,5
person1289,17,15,48,42,12
person1290,19,48,50,50,8
person1291,43,17,48,44,4
person1292,22,26,50,20,13
person1293,47,38,47,16,1
person1294,42,32,47,43,0
person1295,44,44,47,15,1
person1296,22,24,41,11,13
person1297,12,21,30,50,12
person1298,32,31,14,11,3
person1299,27,29,13,32,14
person1300,15,40,18,47,10
person1301,11,29,41,15,13
person1302,41,13,36,48,4
person1303,34,18,32,22,5
person1304,27,48,11,28,11
person1305,39,41,21,32,2
person1306,11,27,13,39,14
person1307,19,11,21,40,14
person1308,24,24,39,37,12
person1309,22,30,17,30,10
person1310,27,18,32,35,12
person1311,20,45,37,21,9
person1312,39,43,11,30,2
person1313,47,47,20,44,2
person1314,39,19,32,21,5
person1315,14,47,23,49,10
person1316,36,18,25,19,7
person1317,41,34,17,21,3
person1318,15,20,26,24,15
person1319,15,39,50,45,8
person1320,22,11,36,11,13
person1321,27,10,27,29,15
person1322,17,13,24,39,14
person1323,22,11,48,24,13
person1324,24,17,14,15,15
person1325,45,27,42,49,4
person1326,50,10,38,16,5
person1327,26,39,36,15,9
person1328,36,12,31,17,5
person1329,15,23,13,23,15
person1330,42,49,10,33,2
person1331,41,50,35,27,1
person1332,43,24,46,16,5
person1333,32,40,21,44,2
person1334,48,46,32,19,1
person1335,18,42,26,18,11
person1336,42,14,28,48,6
person1337,35,35,13,47,2
person1338,39,20,33,22,5
person1339,44,27,15,49,6
person1340,40,29,40,10,5
person1341,28,43,50,19,9
person1342,44,34,14,46,2
person1343,44,10,39,49,4
person1344,17,46,25,18,11
person1345,36,39,15,45,2
person1346,46,33,35,35,0
person1347,23,31,26,47,10
person1348,44,48,19,46,2
person1349,17,44,47,27,9
person1350,37,39,30,47,0
person1351,42,22,39,10,5
person1352,50,50,36,47,0
person1353,23,24,49,16,13
person1354,30,46,30,10,1
person1355,32,49,50,11,1
person1356,25,10,20,16,15
person1357,34,26,42,44,4
person1358,24,24,48,25,13
person1359,11,38,16,28,11
person1360,21,35,14,48,10
person1361,20,50,46,32,8
person1362,31,48,29,42,2
person1363,49,50,34,11,1
person1364,37,50,26,25,3
person1365,42,49,44,46,0
person1366,35,40,17,49,2
person1367,12,40,35,29,9
person1368,16,46,14,24,11
person1369,10,38,20,26,11
person1370,30,20,44,20,5
person1371,14,40,44,50,8
person1372,36,15,28,27,7
person1373,19,11,27,31,14
person1374,49,31,10,12,3
person1375,15,23,23,39,14
person1376,31,10,31,11,5
person1377,41,46,18,34,2
person1378,34,30,49,46,0
person1379,12,15,16,16,15
person1380,15,48,21,46,10
person1381,45,39,23,29,3
person1382,14,33,47,47,8
person1383,48,49,17,45,2
person1384,13,50,27,30,10
person1385,41,36,20,29,3
person1386,23,26,10,10,15
person1387,22,45,45,44,8
person1388,14,49,28,42,10
person1389,43,40,29,11,3
person1390,20,28,17,48,14
person1391,12,43,14,40,10
person1392,18,12,31,13,13
person1393,47,21,38,18,5
person1394,13,39,27,39,10
person1395,49,36,23,32,2
person1396,22,36,13,47,10
person1397,10,40,34,16,9
person1398,31,40,16,50,2
person1399,11,45,44,21,9
person1400,42,49,44,30,0
person1401,48,31,47,13,1
person1402,19,23,31,20,13
person1403,26,33,42,31,8
person1404,38,45,28,21,3
person1405,12,42,24,49,10
person1406,27,15,21,17,15
person1407,35,21,24,38,6
person1408,46,29,28,36,6
person1409,42,48,25,37,2
person1410,18,25,24,27,15
person1411,49,22,44,50,4
person1412,15,30,46,10,9
person1413,12,45,31,41,8
person1414,21,12,47,28,13
person1415,29,41,14,28,11
person1416,27,18,39,10,13
person1417,27,11,15,42,14
person1418,46,40,32,27,1
person1419,12,26,35,27,13
person1420,11,16,43,32,12
person1421,36,16,17,39,6
person1422,21,37,43,12,9
person1423,16,24,26,31,14
person1424,30,37,23,45,2
person1425,30,36,45,36,0
person1426,44,37,40,46,0
person1427,46,35,28,24,3
person1428,21,29,11,15,15
person1429,18,19,26,25,15
person1430,20,23,27,49,14
person1431,38,42,21,27,3
person1432,11,29,36,17,13
person1433,19,46,38,41,8
person1434,21,19,21,23,15
person1435,26,15,39,21,13
person1436,47,40,22,47,2
person1437,43,42,31,38,0
person1438,11,17,19,29,15
person1439,39,39,19,18,3
person1440,45,24,20,39,6
person1441,27,46,27,18,11
person1442,13,25,41,18,13
person1443,21,40,30,31,8
person1444,15,14,25,39,14
person1445,50,47,16,40,2
person1446,46,38,29,46,2
person1447,17,31,28,45,10
person1448,31,38,24,20,3
person1449,45,49,21,49,2
person1450,29,40,18,28,11
person1451,43,15,40,34,4
person1452,39,43,47,15,1
person1453,34,49,39,27,1
person1454,48,45,21,32,2
person1455,15,44,28,21,11
person1456,26,26,26,34,14
person1457,43,21,13,20,7
person1458,50,27,35,20,5
person1459,17,23,31,39,12
person1460,46,20,39,18,5
person1461,46,37,49,19,1
person1462,40,24,49,16,5
person1463,32,20,18,42,6
person1464,12,20,22,11,15
person1465,35,30,10,32,2
person1466,16,50,24,39,10
person1467,31,21,43,39,4
person1468,17,36,27,39,10
person1469,29,28,11,30,14
person1470,26,39,49,21,9
person1471,20,19,46,33,12
person1472,19,35,21,47,10
person1473,39,14,39,49,4
person1474,42,36,39,30,0
person1475,46,47,22,29,3
person1476,37,31,47,24,1
person1477,50,36,50,22,1
person1478,24,13,43,37,12
person1479,45,39,27,28,3
person1480,14,43,27,30,10
person1481,36,18,46,32,4
person1482,20,23,48,22,13
person1483,13,28,15,38,14
person1484,15,37,12,12,11
person1485,18,19,49,47,12
person1486,18,39,33,15,9
person1487,24,39,22,24,11
person1488,23,10,31,44,12
person1489,36,31,44,13,1
person1490,15,35,35,17,9
person1491,43,28,24,21,7
person1492,42,26,11,15,7
person1493,12,42,18,11,11
person1494,43,25,50,39,4
person1495,11,37,10,16,11
person1496,14,22,24,46,14
person1497,49,27,38,20,5
person1498,36,44,19,35,2
person1499,30,24,47,17,5
person1500,38,18,30,27,5
person1501,37,19,22,38,6
person1502,47,48,38,43,0
person1503,12,23,39,47,12
person1504,14,28,38,39,12
person1505,20,15,50,35,12
person1506,25,20,30,40,12
person1507,23,26,11,21,15
person1508,26,24,50,42,12
person1509,11,43,20,50,10
person1510,20,17,21,14,15
person1511,49,49,14,19,3
person1512,34,41,21,49,2
person1513,44,21,50,46,4
person1514,32,43,36,41,0
person1515,28,30,36,26,9
person1516,31,27,26,26,7
person1517,32,46,29,38,2
person1518,45,31,35,42,0
person1519,30,25,30,24,5
person1520,18,46,22,21,11
person1521,50,38,27,27,3
person1522,17,32,50,21,9
person1523,18,46,46,14,9
person1524,29,39,34,43,8
person1525,12,50,13,35,10
person1526,26,25,43,34,12
person1527,12,38,35,37,8
person1528,34,35,41,18,1
person1529,45,44,32,30,0
person1530,12,47,36,19,9
person1531,44,11,42,40,4
person1532,12,34,18,33,10
person1533,12,27,40,23,13
person1534,37,31,14,20,3
person1535,12,46,26,42,10
person1536,37,36,24,36,2
person1537,49,12,14,33,6
person1538,37,50,12,36,2
person1539,13,22,39,38,12
person1540,40,24,14,20,7
person1541,12,48,35,49,8
person1542,23,22,30,39,12
person1543,43,15,23,14,7
person1544,18,43,50,26,9
person1545,32,22,21,49,6
person1546,19,18,18,36,14
person1547,38,29,11,43,6
person1548,15,20,22,41,14
person1549,26,29,46,27,13
person1550,38,32,20,23,3
person1551,45,21,14,48,6
person1552,21,31,44,46,8
person1553,10,48,36,20,9
person1554,26,18,42,34,12
person1555,50,10,10,21,7
person1556,32,30,47,36,0
person1557,43,23,25,12,7
person1558,34,13,45,33,4
person1559,27,45,44,23,9
person1560,48,26,43,26,5
person1561,34,18,30,33,4
person1562,30,31,33,18,1
person1563,24,13,47,33,12
person1564,29,36,39,17,9
person1565,11,28,22,43,14
person1566,43,49,20,46,2
person1567,15,34,46,47,8
person1568,41,16,35,33,4
person1569,22,23,44,22,13
person1570,42,42,30,45,0
person1571,13,34,21,34,10
person1572,12,38,49,19,9
person1573,41,12,19,27,7
person1574,28,32,17,11,11
person1575,34,27,33,16,5
person1576,32,12,19,31,6
person1577,19,21,23,14,15
person1578,48,24,36,10,5
person1579,40,45,30,38,0
person1580,36,13,27,39,6
person1581,12,23,29,22,15
person1582,38,26,25,35,6
person1583,26,37,12,50,10
person1584,10,21,18,48,14
person1585,29,38,10,37,10
person1586,32,11,32,41,4
person1587,10,30,26,37,10
person1588,43,27,19,30,6
person1589,47,46,19,16,3
person1590,11,12,39,18,13
person1591,34,45,16,29,3
person1592,21,43,47,35,8
person1593,20,48,50,10,9
person1594,24,12,30,22,13
person1595,14,24,31,44,12
person1596,26,47,21,45,10
person1597,31,36,15,13,3
person1598,20,37,31,43,8
person1599,37,40,37,45,0
person1600,17,39,46,43,8
person1601,43,37,41,29,1
person1602,41,13,14,32,6
person1603,47,47,16,31,2
person1604,12,32,15,22,11
person1605,17,29,46,40,12
person1606,14,36,31,47,8
person1607,23,14,41,33,12
person1608,30,48,32,23,1
person1609,41,28,21,45,6
person1610,16,50,37,10,9
person1611,46,27,22,22,7
person1612,12,38,45,25,9
person1613,22,46,43,16,9
person1614,36,39,29,41,2
person1615,48,16,37,50,4
person1616,42,41,11,33,2
person1617,12,29,47,34,12
person1618,50,37,31,39,0
person1619,22,48,44,38,8
person1620,29,17,37,16,13
person1621,41,26,36,46,4
person1622,20,40,47,15,9
person1623,45,33,17,17,3
person1624,35,49,13,50,2
person1625,35,30,22,22,3
person1626,34,25,11,50,6
person1627,14,24,13,40,14
person1628,30,12,31,14,5
person1629,35,13,11,29,7
person1630,41,38,28,48,2
person1631,19,28,30,26,13
person1632,38,13,43,36,4
person1633,13,36,45,32,8
person1634,36,41,45,43,0
person1635,18,30,19,17,11
person1636,17,29,47,13,13
person1637,38,41,26,18,3
person1638,38,30,12,31,2
person1639,25,46,42,26,9
person1640,22,23,46,43,12
person1641,26,39,10,20,11
person1642,44,26,10,22,7
person1643,17,17,28,35,14
person1644,34,23,26,29,7
person1645,42,14,24,37,6
person1646,49,49,49,25,1
person1647,34,19,11,43,6
person1648,36,28,49,11,5
person1649,26,31,49,23,9
person1650,32,15,49,35,4
person1651,35,42,14,16,3
person1652,21,42,24,11,11
person1653,30,17,27,29,7
person1654,29,25,20,32,14
person1655,47,19,10,23,7
person1656,27,36,24,28,11
person1657,10,14,32,11,13
person1658,23,29,19,19,15
person1659,20,24,21,22,15
person1660,35,23,33,44,4
person1661,37,15,36,44,4
person1662,35,31,34,34,0
person1663,38,16,21,45,6
person1664,27,39,10,10,11
person1665,21,37,16,31,10
person1666,11,44,25,28,11
person1667,45,29,33,11,5
person1668,35,31,32,24,1
person1669,16,44,17,30,10
person1670,41,25,39,37,4
person1671,15,21,30,18,13
person1672,46,38,23,34,2
person1673,18,20,18,44,14
person1674,46,43,14,25,3
person1675,47,50,23,14,3
person1676,10,21,19,23,15
person1677,36,11,43,17,5
person1678,45,14,32,45,4
person1679,50,17,12,36,6
person1680,31,38,21,10,3
person1681,34,21,35,37,4
person1682,29,40,47,33,8
person1683,37,16,44,17,5
person1684,36,37,25,24,3
person1685,43,11,49,21,5
person1686,34,24,50,20,5
person1687,14,43,21,41,10
person1688,45,37,47,17,1
person1689,48,15,27,26,7
person1690,41,42,33,46,0
person1691,27,11,24,50,14
person1692,16,47,31,33,8
person1693,35,11,31,49,4
person1694,23,39,16,18,11
person1695,10,20,11,20,15
person1696,48,40,28,48,2
person1697,35,34,10,35,2
person1698,34,28,14,43,6
person1699,38,38,47,28,1
person1700,27,37,16,42,10
person1701,43,30,48,41,0
person1702,11,16,29,26,15
person1703,13,21,50,34,12
person1704,47,33,24,38,2
person1705,48,46,10,42,2
person1706,12,49,18,21,11
person1707,30,42,28,10,3
person1708,48,36,33,41,0
person1709,27,38,19,29,11
person1710,17,23,11,21,15
person1711,27,10,10,34,14
person1712,50,34,43,22,1
person1713,37,42,49,18,1
person1714,13,38,16,32,10
person1715,11,25,29,43,14
person1716,10,11,41,48,12
person1717,43,18,28,11,7
person1718,27,45,26,11,11
person1719,25,37,24,14,11
person1720,16,37,31,28,9
person1721,44,22,17,21,7
person1722,48,22,36,48,4
person1723,41,26,12,41,6
person1724,28,29,26,41,14
person1725,43,45,41,20,1
person1726,32,40,29,18,3
person1727,26,31,26,32,10
person1728,39,50,27,31,2
person1729,42,28,42,35,4
person1730,49,35,39,15,1
person1731,15,40,11,34,10
person1732,15,21,15,15,15
person1733,24,35,15,39,10
person1734,23,32,50,42,8
person1735,17,16,22,35,14
person1736,34,26,42,16,5
person1737,49,48,29,33,2
person1738,48,21,35,17,5
person1739,26,18,42,40,12
person1740,17,33,47,12,9
person1741,14,17,11,12,15
person1742,35,10,30,18,5
person1743,20,41,34,47,8
person1744,47,21,15,48,6
person1745,12,21,47,19,13
person1746,36,10,25,32,6
person1747,12,12,14,14,15
person1748,35,44,21,32,2
person1749,18,11,29,40,14
person1750,31,20,17,17,7
person1751,21,50,41,27,9
person1752,46,41,19,30,2
person1753,21,37,23,43,10
person1754,20,14,34,41,12
person1755,39,50,31,35,0
person1756,42,20,26,29,7
person1757,23,27,48,35,12
person1758,20,49,36,41,8
person1759,24,41,14,18,11
person1760,16,15,42,23,13
person1761,16,36,46,30,8
person1762,42,28,34,48,4
person1763,43,13,19,15,7
person1764,13,18,28,37,14
person1765,41,45,37,35,0
person1766,39,17,26,40,6
person1767,28,49,12,32,10
person1768,32,37,38,38,0
person1769,27,27,20,48,14
person1770,30,39,45,10,1
person1771,49,28,27,27,7
person1772,20,28,45,20,13
person1773,43,47,49,13,1
person1774,44,47,20,50,2
person1775,47,44,12,33,2
person1776,17,19,36,29,13
person1777,14,37,20,15,11
person1778,29,41,34,49,8
person1779,21,48,10,23,11
person1780,48,22,46,33,4
person1781,12,37,45,47,8
person1782,11,20,50,14,13
person1783,21,23,33,23,13
person1784,11,41,22,29,11
person1785,45,23,20,30,6
person1786,18,11,20,23,15
person1787,26,27,42,42,12
person1788,18,26,14,20,15
person1789,21,43,45,27,9
person1790,16,49,49,39,8
person1791,31,49,28,31,2
person1792,47,21,23,11,7
person1793,34,48,48,25,1
person1794,19,21,22,28,15
person1795,10,32,49,50,8
person1796,17,31,14,49,10
person1797,30,18,36,33,4
person1798,10,27,40,25,13
person1799,47,10,17,28,7
person1800,37,44,46,36,0
person1801,31,46,41,30,0
person1802,19,37,32,26,9
person1803,40,38,39,10,1
person1804,19,37,31,14,9
person1805,20,13,22,40,14
person1806,33,43,43,43,0
person1807,22,45,31,30,8
person1808,47,14,43,24,5
person1809,28,10,21,35,14
person1810,34,39,28,31,2
person1811,48,31,30,14,1
person1812,16,44,21,28,11
person1813,43,38,10,36,2
person1814,27,19,39,38,12
person1815,32,11,48,31,4
person1816,35,28,28,15,7
person1817,11,49,38,47,8
person1818,34,16,18,15,7
person1819,14,14,10,13,15
person1820,19,35,12,44,10
person1821,30,42,14,20,3
person1822,45,21,34,28,5
person1823,42,42,29,24,3
person1824,38,31,24,34,2
person1825,24,48,47,13,9
person1826,32,14,46,20,5
person1827,15,37,15,36,10
person1828,48,38,41,18,1
person1829,23,28,33,47,12
person1830,12,49,48,14,9
person1831,33,16,38,39,4
person1832,20,35,31,21,9
person1833,31,23,34,18,5
person1834,28,42,10,44,10
person1835,16,33,20,20,11
person1836,16,32,29,28,11
person1837,46,40,22,29,3
person1838,48,11,48,29,5
person1839,15,34,32,19,9
person1840,19,43,34,26,9
person1841,22,14,33,20,13
person1842,28,20,13,19,15
person1843,14,26,30,34,12
person1844,18,10,37,49,12
person1845,20,44,14,18,11
person1846,22,44,27,24,11
person1847,22,20,16,34,14
person1848,14,14,24,49,14
person1849,42,39,47,50,0
person1850,11,12,12,19,15
person1851,45,26,50,12,5
person1852,15,27,42,21,13
person1853,23,39,19,32,10
person1854,36,28,22,26,7
person1855,45,26,12,34,6
person1856,15,21,33,22,13
person1857,38,22,30,40,4
person1858,15,30,16,49,10
person1859,50,24,38,20,5
person1860,25,23,41,21,13
person1861,21,13,34,31,12
person1862,12,24,24,22,15
person1863,45,10,44,21,5
person1864,43,14,33,43,4
person1865,31,18,41,46,4
person1866,48,17,44,11,5
person1867,21,34,23,16,11
person1868,37,38,47,41,0
person1869,17,28,33,11,13
person1870,24,48,12,19,11
person1871,49,48,14,50,2
person1872,18,42,42,36,8
person1873,49,45,42,46,0
person1874,16,26,38,37,12
person1875,44,44,25,48,2
person1876,49,44,32,49,0
person1877,25,41,38,26,9
person1878,10,22,16,49,14
person1879,49,34,42,32,0
person1880,35,28,26,25,7
person1881,36,27,27,22,7
person1882,10,14,26,20,15
person1883,34,50,36,24,1
person1884,14,36,39,43,8
person1885,20,30,22,36,10
person1886,22,31,17,23,11
person1887,42,40,28,24,3
person1888,49,46,18,36,2
person1889,28,32,39,16,9
person1890,13,44,35,13,9
person1891,14,31,45,43,8
person1892,42,48,11,22,3
person1893,42,13,42,46,4
person1894,35,12,38,22,5
person1895,20,45,10,31,10
person1896,37,39,38,23,1
person1897,23,34,41,17,9
person1898,14,25,15,31,14
person1899,21,37,23,45,10
person1900,16,44,31,19,9
person1901,43,20,13,37,6
person1902,48,32,34,47,0
person1903,49,11,10,42,6
person1904,33,45,17,15,3
person1905,33,17,36,21,5
person1906,22,38,37,10,9
person1907,16,15,37,34,12
person1908,26,17,50,42,12
person1909,18,13,40,16,13
person1910,28,25,22,33,14
person1911,15,32,17,43,10
person1912,32,16,40,18,5
person1913,16,44,35,47,8
person1914,18,36,15,45,10
person1915,50,11,24,11,7
person1916,16,12,47,36,12
person1917,38,34,25,39,2
person1918,15,25,48,34,12
person1919,26,19,15,34,14
person1920,22,47,37,12,9
person1921,26,11,25,33,14
person1922,19,48,33,32,8
person1923,40,24,36,18,5
person1924,17,30,45,41,8
person1925,48,11,29,19,7
person1926,32,19,10,12,7
person1927,48,35,44,44,0
person1928,15,17,14,45,14
person1929,26,16,28,20,15
person1930,44,21,20,32,6
person1931,23,17,50,47,12
person1932,50,43,21,44,2
person1933,48,32,24,12,3
person1934,28,44,43,17,9
person1935,15,24,21,36,14
person1936,14,49,29,15,11
person1937,25,45,38,17,9
person1938,19,38,46,17,9
person1939,42,49,11,12,3
person1940,34,38,38,10,1
person1941,13,49,27,17,11
person1942,18,49,36,12,9
person1943,13,32,30,18,9
person1944,33,19,25,24,7
person1945,37,16,34,36,4
person1946,27,23,22,18,15
person1947,43,15,49,32,4
person1948,31,12,33,48,4
person1949,46,16,46,48,4
person1950,49,28,25,30,6
person1951,33,44,42,16,1
person1952,32,22,33,23,5
person1953,29,33,19,34,10
person1954,19,17,45,44,12
person1955,33,42,31,10,1
person1956,28,50,43,50,8
person1957,24,23,42,21,13
person1958,30,40,19,35,2
person1959,24,23,31,45,12
person1960,27,12,27,18,15
person1961,39,50,19,25,3
person1962,33,26,32,49,4
person1963,44,21,30,37,4
person1964,25,45,15,24,11
person1965,26,49,20,12,11
person1966,28,15,29,23,15
person1967,23,28,38,14,13
person1968,48,32,21,23,3
person1969,18,17,29,23,15
person1970,27,47,20,22,11
person1971,23,22,35,34,12
person1972,28,20,19,35,14
person1973,26,25,46,40,12
person1974,18,29,40,30,12
person1975,32,40,38,35,0
person1976,39,37,13,13,3
person1977,13,26,49,20,13
person1978,34,11,17,20,7
person1979,39,25,20,15,7
person1980,12,35,15,41,10
person1981,15,32,43,39,8
person1982,43,28,30,29,5
person1983,16,15,17,35,14
person1984,23,22,20,27,15
person1985,44,31,17,39,2
person1986,20,32,14,25,11
person1987,36,28,50,50,4
person1988,18,30,23,29,11
person1989,17,21,37,21,13
person1990,12,40,22,47,10
person1991,14,48,18,15,11
person1992,14,44,12,47,10
person1993,50,36,44,40,0
person1994,38,50,20,15,3
person1995,41,33,40,32,0
person1996,38,49,44,22,1
person1997,50,14,28,25,7
person1998,16,32,40,18,9
person1999,13,38,29,37,10
person2000,35,40,36,34,0
person2001,17,19,30,39,12
person2002,49,26,24,27,7
person2003,32,28,28,41,6
person2004,23,40,31,31,8
person2005,34,45,18,39,2
person2006,30,10,28,40,6
person2007,45,41,50,26,1
person2008,27,31,12,47,10
person2009,35,20,19,44,6
person2010,10,21,10,15,15
person2011,26,48,22,44,10
person2012,23,48,47,31,8
person2013,20,47,21,43,10
person2014,28,15,50,35,12
person2015,50,25,27,30,6
person2016,17,49,43,22,9
person2017,37,11,38,45,4
person2018,26,23,27,17,15
person2019,38,24,43,20,5
person2020,11,36,22,11,11
person2021,26,48,12,49,10
person2022,21,12,25,39,14
person2023,46,28,21,49,6
person2024,17,31,25,16,11
person2025,27,32,20,35,10
person2026,16,26,36,31,12
person2027,37,33,25,38,2
person2028,20,20,14,19,15
person2029,15,31,39,45,8
person2030,22,32,37,40,8
person2031,30,14,13,29,7
person2032,12,16,15,45,14
person2033,32,28,27,22,7
person2034,21,11,23,46,14
person2035,45,21,30,47,4
person2036,33,22,14,20,7
person2037,24,44,46,32,8
person2038,12,22,25,21,15
person2039,16,10,14,41,14
person2040,25,10,23,23,15
person2041,25,26,22,21,15
person2042,16,34,37,32,8
person2043,46,14,49,15,5
person2044,45,30,48,32,0
person2045,41,30,27,46,2
person2046,46,16,44,25,5
person2047,46,13,40,42,4
person2048,44,45,11,38,2
person2049,46,45,27,46,2
person2050,49,17,17,19,7
person2051,32,17,10,33,6
person2052,50,19,31,31,4
person2053,18,25,40,44,12
person2054,42,13,38,25,5
person2055,21,14,46,13,13
person2056,40,21,36,25,5
person2057,15,18,36,18,13
person2058,22,14,14,19,15
person2059,42,48,31,12,1
person2060,50,23,47,20,5
person2061,47,10,30,20,5
person2062,20,20,49,18,13
person2063,24,35,32,16,9
person2064,18,22,21,13,15
person2065,15,20,15,23,15
person2066,31,18,32,16,5
person2067,48,35,43,27,1
person2068,41,15,28,45,6
person2069,42,16,45,17,5
person2070,36,39,44,43,0
person2071,25,50,48,19,9
person2072,21,32,43,26,9
person2073,30,45,30,36,0
person2074,43,35,32,24,1
person2075,28,23,26,45,14
person2076,11,32,31,34,8
person2077,31,16,37,26,5
person2078,10,31,37,13,9
person2079,43,27,48,47,4
person2080,32,19,30,20,5
person2081,14,24,10,45,14
person2082,22,13,30,34,12
person2083,29,48,36,23,9
person2084,14,16,31,27,13
person2085,20,24,30,29,13
person2086,23,27,27,31,14
person2087,11,46,22,27,11
person2088,48,34,21,45,2
person2089,35,36,26,31,2
person2090,23,25,40,37,12
person2091,33,37,24,37,2
person2092,39,48,48,22,1
person2093,28,49,49,13,9
person2094,22,41,38,33,8
person2095,34,14,48,13,5
person2096,16,44,49,32,8
person2097,26,23,18,44,14
person2098,16,20,34,40,12
person2099,39,22,43,47,4
person2100,47,20,17,14,7
person2101,30,17,23,24,7
person2102,17,15,37,25,13
person2103,30,27,47,40,4
person2104,36,40,33,19,1
person2105,37,34,39,29,1
person2106,43,12,31,43,4
person2107,47,14,33,23,5
person2108,20,31,49,44,8
person2109,11,41,39,42,8
person2110,22,39,35,36,8
person2111,29,26,40,50,12
person2112,29,29,46,49,12
person2113,46,42,26,11,3
person2114,13,48,44,36,8
person2115,39,19,34,10,5
person2116,30,49,37,16,1
person2117,21,24,18,47,14
person2118,19,46,48,17,9
person2119,30,20,22,33,6
person2120,41,17,44,40,4
person2121,34,46,19,21,3
person2122,25,28,34,23,13
person2123,15,26,18,28,15
person2124,25,13,47,19,13
person2125,14,45,19,48,10
person2126,17,14,23,39,14
person2127,28,24,33,45,12
person2128,21,37,38,23,9
person2129,28,27,29,15,15
person2130,29,27,12,46,14
person2131,10,34,41,15,9
person2132,24,46,48,47,8
person2133,44,42,45,30,0
person2134,15,24,47,18,13
person2135,19,42,13,32,10
person2136,14,28,45,19,13
person2137,39,46,15,36,2
person2138,12,14,32,45,12
person2139,47,32,31,26,1
person2140,22,14,22,28,15
person2141,27,19,22,48,14
person2142,17,24,16,23,15
person2143,48,26,36,20,5
person2144,15,50,22,17,11
person2145,11,39,40,24,9
person2146,26,16,39,38,12
person2147,12,49,32,26,9
person2148,31,13,15,34,6
person2149,33,36,21,16,3
person2150,35,48,41,13,1
person2151,27,46,12,50,10
person2152,41,49,35,38,0
person2153,24,11,25,27,15
person2154,13,33,10,33,10
person2155,18,49,18,36,10
person2156,19,16,34,22,13
person2157,11,40,37,25,9
person2158,16,14,43,46,12
person2159,22,18,27,34,14
person2160,26,41,28,15,11
person2161,42,26,42,47,4
person2162,35,46,48,46,0
person2163,11,22,47,29,13
person2164,43,28,44,30,4
person2165,28,24,20,50,14
person2166,10,18,16,25,15
person2167,16,47,23,46,10
person2168,44,38,19,27,3
person2169,15,31,20,30,10
person2170,36,34,18,28,3
person2171,11,17,34,29,13
person2172,32,13,42,35,4
person2173,32,34,21,46,2
person2174,49,38,50,48,0
person2175,24,15,42,12,13
person2176,10,17,23,38,14
person2177,12,20,13,49,14
person2178,28,31,42,43,8
person2179,31,36,46,21,1
person2180,18,38,40,50,8
person2181,36,10,41,50,4
person2182,40,35,48,40,0
person2183,21,11,29,24,15
person2184,32,47,11,35,2
person2185,10,35,13,50,10
person2186,35,50,33,32,0
person2187,37,40,49,13,1
person2188,30,15,15,24,7
person2189,20,14,18,29,15
person2190,12,39,34,35,8
person2191,26,16,24,24,15
person2192,42,31,46,39,0
person2193,38,46,44,22,1
person2194,24,30,18,18,11
person2195,49,47,39,17,1
person2196,34,44,40,26,1
person2197,16,20,21,19,15
person2198,42,11,12,25,7
person2199,39,38,50,13,1
person2200,36,40,13,45,2
person2201,29,44,32,10,9
person2202,36,35,23,41,2
person2203,39,30,41,33,0
person2204,31,47,43,13,1
person2205,10,12,20,33,14
person2206,41,45,20,49,2
person2207,30,36,19,19,3
person2208,14,14,48,45,12
person2209,50,18,39,15,5
person2210,44,47,35,39,0
person2211,17,17,42,12,13
person2212,10,27,25,22,15
person2213,26,48,11,50,10
person2214,32,38,29,14,3
person2215,26,16,31,13,13
person2216,33,19,39,42,4
person2217,14,28,34,38,12
person2218,44,44,40,21,1
person2219,40,10,37,24,5
person2220,17,32,13,13,11
person2221,12,31,43,45,8
person2222,36,20,46,11,5
person2223,28,33,39,42,8
person2224,21,29,50,31,12
person2225,38,37,50,32,0
person2226,17,43,24,44,10
person2227,50,37,30,21,1
person2228,15,48,48,28,9
person2229,33,47,49,28,1
person2230,16,23,21,39,14
person2231,47,37,10,40,2
person2232,32,20,13,36,6
person2233,50,39,15,21,3
person2234,21,40,41,48,8
person2235,38,21,47,39,4
person2236,37,15,17,15,7
person2237,50,22,10,39,6
person2238,17,17,47,15,13
person2239,42,24,12,35,6
person2240,37,41,35,17,1
person2241,39,35,17,13,3
person2242,42,35,40,33,0
person2243,44,29,16,33,6
person2244,50,48,38,42,0
person2245,47,10,28,41,6
person2246,50,46,21,11,3
person2247,25,18,41,18,13
person2248,36,12,40,10,5
person2249,27,26,16,31,14
person2250,50,42,50,33,0
person2251,21,12,19,48,14
person2252,38,48,50,28,1
person2253,37,38,34,22,1
person2254,22,38,21,37,10
person2255,24,43,39,12,9
person2256,21,24,37,11,13
person2257,18,47,33,18,9
person2258,37,42,34,10,1
person2259,44,32,32,30,0
person2260,29,29,10,14,15
person2261,46,30,16,13,3
person2262,11,42,50,39,8
person2263,10,23,30,11,13
person2264,47,41,11,28,3
person2265,32,43,28,39,2
person2266,23,44,18,14,11
person2267,22,29,27,33,14
person2268,33,49,34,38,0
person2269,42,19,37,19,5
person2270,20,11,50,20,13
person2271,13,10,30,39,12
person2272,31,27,18,50,6
person2273,18,12,24,29,15
person2274,44,34,47,34,0
person2275,43,21,14,16,7
person2276,15,46,29,20,11
person2277,30,14,34,23,5
person2278,11,20,28,41,14
person2279,40,21,25,14,7
person2280,12,38,47,43,8
person2281,28,22,11,17,15
person2282,40,11,24,13,7
person2283,24,41,25,34,10
person2284,21,26,27,22,15
person2285,41,12,29,33,6
person2286,33,48,40,38,0
person2287,18,25,42,50,12
person2288,13,17,31,48,12
person2289,30,23,20,13,7
person2290,37,17,49,11,5
person2291,50,23,30,28,5
person2292,18,32,40,36,8
person2293,28,13,44,49,12
person2294,16,15,41,44,12
person2295,23,30,11,15,11
person2296,26,49,31,18,9
person2297,45,42,23,36,2
person2298,33,46,46,35,0
person2299,25,25,42,29,13
person2300,43,11,26,50,6
person2301,29,30,24,28,11
person2302,40,20,18,19,7
person2303,47,16,42,32,4
person2304,20,43,49,37,8
person2305,50,12,48,46,4
person2306,50,36,25,21,3
person2307,22,38,26,36,10
person2308,34,19,22,24,7
person2309,15,27,30,23,13
person2310,24,18,34,17,13
person2311,10,50,36,24,9
person2312,45,37,50,37,0
person2313,13,10,42,47,12
person2314,50,41,41,47,0
person2315,20,46,15,34,10
person2316,39,31,27,50,2
person2317,30,43,15,45,2
person2318,42,50,28,40,2
person2319,28,39,45,41,8
person2320,13,47,23,48,10
person2321,42,12,31,23,5
person2322,29,38,29,17,11
person2323,48,35,34,36,0
person2324,39,16,44,30,4
person2325,28,38,11,39,10
person2326,23,12,41,21,13
person2327,13,16,30,27,13
person2328,17,49,22,19,11
person2329,23,26,50,23,13
person2330,39,16,12,32,6
person2331,15,41,45,16,9
person2332,15,45,46,25,9
person2333,39,26,13,45,6
person2334,37,15,38,31,4
person2335,25,41,22,33,10
person2336,14,38,31,50,8
person2337,10,20,10,40,14
person2338,31,32,31,43,0
person2339,24,46,39,25,9
person2340,27,24,48,24,13
person2341,26,40,12,41,10
person2342,46,23,36,23,5
person2343,48,44,23,33,2
person2344,43,49,11,36,2
person2345,11,41,43,47,8
person2346,39,19,47,48,4
person2347,39,28,17,14,7
person2348,35,19,19,11,7
person2349,41,24,44,34,4
person2350,13,14,31,48,12
person2351,23,10,29,42,14
person2352,43,42,22,40,2
person2353,30,38,44,11,1
person2354,43,15,14,23,7
person2355,28,16,32,10,13
person2356,44,14,31,18,5
person2357,20,36,48,29,9
person2358,18,20,49,37,12
person2359,30,48,27,27,3
person2360,15,38,17,32,10
person2361,21,15,15,18,15
person2362,30,37,31,22,1
person2363,30,26,26,29,7
person2364,20,40,47,44,8
person2365,43,13,24,11,7
person2366,46,12,22,48,6
person2367,13,18,26,17,15
person2368,11,13,29,12,15
person2369,45,38,48,16,1
person2370,38,25,24,38,6
person2371,18,28,26,38,14
person2372,28,45,14,20,11
person2373,13,37,37,12,9
person2374,20,35,15,31,10
person2375,49,29,38,10,5
person2376,41,24,49,29,5
person2377,16,23,13,50,14
person2378,40,28,18,47,6
person2379,30,26,19,37,6
person2380,31,46,31,28,1
person2381,14,50,21,30,10
person2382,34,20,20,27,7
person2383,45,42,28,17,3
person2384,33,13,21,24,7
person2385,14,17,22,32,14
person2386,39,50,23,35,2
person2387,30,13,22,20,7
person2388,45,35,26,13,3
person2389,31,11,39,40,4
person2390,27,11,41,33,12
person2391,11,33,15,45,10
person2392,30,29,35,13,5
person2393,31,22,16,42,6
person2394,36,23,50,28,5
person2395,33,28,41,23,5
person2396,48,39,19,30,2
person2397,39,22,27,50,6
person2398,23,34,39,28,9
person2399,42,45,33,34,0
person2400,29,24,49,44,12
person2401,34,41,31,40,0
person2402,12,19,15,46,14
person2403,35,23,39,27,5
person2404,49,49,37,29,1
person2405,31,21,10,28,7
person2406,30,48,13,34,2
person2407,25,12,17,46,14
person2408,36,29,38,30,4
person2409,18,14,25,18,15
person2410,10,41,11,38,10
person2411,14,32,11,11,11
person2412,15,16,14,11,15
person2413,40,42,23,47,2
person2414,41,29,12,12,7
person2415,50,38,29,12,3
person2416,48,33,32,47,0
person2417,46,25,45,25,5
person2418,23,16,24,46,14
person2419,45,41,48,50,0
person2420,27,14,14,11,15
person2421,44,49,14,41,2
person2422,13,50,42,17,9
person2423,45,47,24,27,3
person2424,26,46,36,40,8
person2425,31,34,23,12,3
person2426,28,44,13,25,11
person2427,47,10,29,19,7
person2428,40,37,20,36,2
person2429,28,30,38,32,8
person2430,18,16,20,10,15
person2431,19,13,29,11,15
person2432,47,49,34,30,0
person2433,18,41,36,16,9
person2434,10,31,26,27,11
person2435,40,31,16,23,3
person2436,14,17,32,26,13
person2437,15,17,32,25,13
person2438,11,22,20,37,14
person2439,36,46,37,37,0
person2440,21,28,48,31,12
person2441,22,38,46,32,8
person2442,21,24,16,50,14
person2443,45,24,28,35,6
person2444,11,22,37,10,13
person2445,35,22,49,45,4
person2446,11,40,10,29,11
person2447,30,38,25,12,3
person2448,37,42,49,19,1
person2449,20,23,33,21,13
person2450,20,24,33,40,12
person2451,15,18,35,24,13
person2452,37,47,40,16,1
person2453,41,39,13,35,2
person2454,32,11,49,26,5
person2455,49,35,35,44,0
person2456,12,50,24,48,10
person2457,46,33,15,21,3
person2458,28,12,14,47,14
person2459,37,26,15,19,7
person2460,30,27,35,16,5
person2461,40,46,49,23,1
person2462,21,28,18,46,14
person2463,38,42,42,39,0
person2464,26,20,46,38,12
person2465,50,25,12,42,6
person2466,43,16,41,24,5
person2467,43,26,10,21,7
person2468,43,50,14,20,3
person2469,44,44,19,13,3
person2470,35,26,43,14,5
person2471,49,16,37,27,5
person2472,37,37,15,17,3
person2473,28,28,19,23,15
person2474,30,21,44,44,4
person2475,47,35,13,13,3
person2476,16,28,23,40,14
person2477,26,36,49,18,9
person2478,45,22,26,23,7
person2479,38,41,37,49,0
person2480,27,47,23,47,10
person2481,48,23,27,14,7
person2482,10,47,22,50,10
person2483,42,43,47,19,1
person2484,44,22,31,48,4
person2485,19,45,12,32,10
person2486,27,40,14,34,10
person2487,43,35,27,34,2
person2488,29,25,11,24,15
person2489,12,48,23,26,11
person2490,39,49,40,17,1
person2491,25,17,16,31,14
person2492,22,19,23,22,15
person2493,37,32,31,18,1
person2494,44,19,28,12,7
person2495,46,14,42,32,4
person2496,10,32,34,26,9
person2497,41,17,46,34,4
person2498,33,21,37,37,4
person2499,27,43,43,30,8
person2500,15,41,15,14,11
person2501,41,21,45,29,5
person2502,46,29,10,26,7
person2503,43,16,44,15,5
person2504,15,43,10,17,11
person2505,14,33,32,36,8
person2506,43,32,20,44,2
person2507,46,38,23,50,2
person2508,50,35,42,40,0
person2509,37,32,14,45,2
person2510,39,27,14,12,7
person2511,49,20,18,47,6
person2512,36,37,46,50,0
person2513,30,47,13,47,2
person2514,30,40,33,38,0
person2515,49,35,47,12,1
person2516,47,41,18,46,2
person2517,47,49,25,17,3
person2518,17,15,37,44,12
person2519,24,21,16,17,15
person2520,18,41,14,49,10
person2521,33,50,26,26,3
person2522,35,15,24,36,6
person2523,11,16,40,40,12
person2524,20,20,12,27,15
person2525,33,11,36,20,5
person2526,34,38,50,19,1
person2527,27,35,34,44,8
person2528,15,49,22,11,11
person2529,19,24,29,14,15
person2530,34,24,17,34,6
person2531,30,33,43,21,1
person2532,32,50,19,18,3
person2533,18,29,10,25,15
person2534,38,34,44,36,0
person2535,12,32,22,21,11
person2536,47,32,14,19,3
person2537,24,39,17,37,10
person2538,46,19,41,10,5
person2539,40,40,31,38,0
person2540,16,48,48,44,8
person2541,30,45,14,24,3
person2542,14,14,10,37,14
person2543,16,30,46,24,9
person2544,28,25,31,32,12
person2545,36,28,38,48,4
person2546,24,22,17,33,14
person2547,44,40,13,28,3
person2548,22,16,22,12,15
person2549,33,14,36,32,4
person2550,24,26,18,40,14
person2551,50,18,41,27,5
person2552,40,17,48,41,4
person2553,23,10,14,14,15
person2554,42,45,28,22,3
person2555,21,42,21,32,10
person2556,46,17,47,29,5
person2557,36,17,12,19,7
person2558,46,31,29,26,3
person2559,34,36,31,27,1
person2560,30,13,17,42,6
person2561,47,37,24,41,2
person2562,47,28,37,42,4
person2563,20,32,42,32,8
person2564,28,38,17,29,11
person2565,26,37,37,27,9
person2566,27,32,38,26,9
person2567,24,22,37,19,13
person2568,20,35,14,25,11
person2569,30,10,50,23,5
person2570,32,27,23,45,6
person2571,39,26,35,32,4
person2572,31,41,13,23,3
person2573,28,29,23,14,15
person2574,19,12,30,42,12
person2575,41,15,44,15,5
person2576,15,50,45,31,8
person2577,47,23,21,10,7
person2578,47,22,10,36,6
person2579,16,35,25,28,11
person2580,41,11,46,17,5
person2581,22,21,34,14,13
person2582,25,48,32,27,9
person2583,43,14,50,48,4
person2584,30,45,43,22,1
person2585,20,48,26,45,10
person2586,29,48,38,23,9
person2587,21,19,46,16,13
person2588,41,26,46,47,4
person2589,37,49,48,36,0
person2590,19,29,19,28,15
person2591,16,34,23,29,11
person2592,18,18,30,17,13
person2593,40,12,31,31,4
person2594,47,31,43,15,1
person2595,17,32,41,41,8
person2596,20,33,37,12,9
person2597,12,16,37,38,12
person2598,16,21,48,44,12
person2599,47,27,27,43,6
person2600,48,22,47,29,5
person2601,13,40,45,16,9
person2602,49,40,23,30,2
person2603,46,14,20,10,7
person2604,17,21,13,30,14
person2605,18,20,32,27,13
person2606,39,43,24,15,3
person2607,24,49,13,27,11
person2608,44,10,29,18,7
person2609,16,35,25,25,11
person2610,48,50,34,17,1
person2611,24,25,30,25,13
person2612,33,20,11,41,6
person2613,36,23,10,23,7
person2614,48,41,37,48,0
person2615,26,50,13,43,10
person2616,33,14,12,34,6
person2617,16,49,44,45,8
person2618,29,37,13,26,11
person2619,26,17,43,48,12
person2620,47,29,19,20,7
person2621,25,11,28,20,15
person2622,45,38,21,23,3
person2623,48,46,33,46,0
person2624,27,45,24,14,11
person2625,47,45,24,38,2
person2626,31,48,41,43,0
person2627,13,29,26,14,15
person2628,43,17,50,18,5
person2629,27,38,32,44,8
person2630,33,39,26,46,2
person2631,50,21,22,21,7
person2632,48,16,24,42,6
person2633,11,37,12,24,11
person2634,33,23,32,31,4
person2635,26,17,40,33,12
person2636,16,12,18,22,15
person2637,40,32,14,12,3
person2638,44,37,37,28,1
person2639,21,19,47,30,12
person2640,23,38,33,13,9
person2641,29,37,14,32,10
person2642,19,36,41,42,8
person2643,50,28,11,48,6
person2644,24,31,34,49,8
person2645,49,38,16,32,2
person2646,18,41,39,38,8
person2647,36,24,34,22,5
person2648,33,34,40,44,0
person2649,31,37,44,41,0
person2650,17,19,21,11,15
person2651,19,41,36,33,8
person2652,13,47,48,25,9
person2653,34,15,13,32,6
person2654,33,14,18,25,7
person2655,16,33,11,15,11
person2656,18,39,48,15,9
person2657,21,44,35,26,9
person2658,30,12,30,22,5
person2659,44,15,15,21,7
person2660,27,44,29,50,10
person2661,39,18,13,24,7
person2662,24,22,30,33,12
person2663,33,14,48,21,5
person2664,45,13,39,13,5
person2665,13,16,32,26,13
person2666,31,34,36,42,0
person2667,50,16,23,23,7
person2668,37,22,35,43,4
person2669,23,41,25,33,10
person2670,29,20,17,11,15
person2671,39,45,11,47,2
person2672,45,15,11,20,7
person2673,45,24,26,10,7
person2674,12,39,18,41,10
person2675,22,36,24,17,11
person2676,15,10,31,10,13
person2677,37,36,14,31,2
person2678,13,10,19,34,14
person2679,15,29,11,13,15
person2680,23,40,33,30,8
person2681,14,19,45,28,13
person2682,31,23,33,36,4
person2683,15,42,15,13,11
person2684,14,49,37,19,9
person2685,21,50,30,44,8
person2686,10,21,34,12,13
person2687,29,26,28,31,14
person2688,15,42,22,36,10
person2689,47,34,25,40,2
person2690,20,44,30,23,9
person2691,24,21,46,17,13
person2692,45,22,10,26,7
person2693,22,42,46,27,9
person2694,29,33,26,28,11
person2695,15,42,30,29,9
person2696,43,40,35,42,0
person2697,36,24,13,21,7
person2698,12,21,12,45,14
person2699,27,48,13,40,10
person2700,11,36,38,26,9
person2701,33,28,19,41,6
person2702,40,30,50,41,0
person2703,32,19,17,41,6
person2704,43,20,30,38,4
person2705,38,27,18,31,6
person2706,33,38,27,22,3
person2707,37,27,35,46,4
person2708,42,40,15,31,2
person2709,19,11,17,17,15
person2710,26,22,22,43,14
person2711,10,40,32,37,8
person2712,14,15,44,10,13
person2713,27,37,13,47,10
person2714,30,43,33,16,1
person2715,41,22,35,33,4
person2716,22,15,19,45,14
person2717,17,23,41,13,13
person2718,50,10,34,42,4
person2719,17,45,36,25,9
person2720,23,37,25,29,11
person2721,48,15,15,44,6
person2722,32,35,18,29,3
person2723,20,18,15,22,15
person2724,48,24,48,48,4
person2725,10,31,18,41,10
person2726,33,38,14,10,3
person2727,46,43,16,23,3
person2728,19,24,20,14,15
person2729,43,44,41,40,0
person2730,47,44,41,38,0
person2731,24,32,20,48,10
person2732,41,13,34,34,4
person2733,17,43,19,40,10
person2734,14,29,10,48,14
person2735,10,41,10,14,11
person2736,38,32,26,40,2
person2737,25,14,27,27,15
person2738,22,36,14,18,11
person2739,41,20,41,31,4
person2740,20,19,16,24,15
person2741,35,45,49,22,1
person2742,45,46,38,38,0
person2743,25,22,40,14,13
person2744,38,36,42,29,1
person2745,11,15,30,14,13
person2746,48,10,35,29,5
person2747,34,47,12,24,3
person2748,39,46,31,18,1
person2749,49,19,14,38,6
person2750,28,19,21,27,15
person2751,30,44,49,12,1
person2752,40,49,46,43,0
person2753,22,16,10,12,15
person2754,30,46,39,17,1
person2755,41,48,36,26,1
person2756,38,35,17,19,3
person2757,45,38,26,15,3
person2758,12,20,50,36,12
person2759,33,16,29,19,7
person2760,33,37,49,28,1
person2761,40,43,49,42,0
person2762,29,22,37,18,13
person2763,14,22,27,12,15
person2764,38,13,50,49,4
person2765,41,36,34,30,0
person2766,41,18,45,24,5
person2767,17,25,38,15,13
person2768,19,43,12,35,10
person2769,16,10,43,33,12
person2770,41,15,17,48,6
person2771,16,32,36,21,9
person2772,13,36,44,44,8
person2773,16,18,10,27,15
person2774,22,28,46,11,13
person2775,13,39,42,19,9
person2776,38,39,10,23,3
person2777,31,18,11,32,6
person2778,40,46,43,44,0
person2779,23,16,34,24,13
person2780,49,19,22,33,6
person2781,23,47,24,50,10
person2782,44,28,18,41,6
person2783,46,20,48,32,4
person2784,43,15,24,44,6
person2785,23,25,27,49,14
person2786,21,43,36,26,9
person2787,14,32,23,42,10
person2788,28,14,21,48,14
person2789,10,43,41,32,8
person2790,50,38,50,22,1
person2791,21,27,43,44,12
person2792,50,40,32,49,0
person2793,38,24,37,27,5
person2794,13,24,10,15,15
person2795,25,16,20,16,15
person2796,33,33,15,47,2
person2797,47,30,43,31,0
person2798,16,11,39,27,13
person2799,33,41,14,30,2
person2800,21,26,10,29,15
person2801,31,16,38,32,4
person2802,39,39,23,17,3
person2803,23,17,50,49,12
person2804,44,42,35,27,1
person2805,34,11,11,22,7
person2806,22,17,12,20,15
person2807,23,17,19,32,14
person2808,39,29,25,30,6
person2809,21,39,18,32,10
person2810,46,49,43,40,0
person2811,44,32,18,26,3
person2812,14,31,16,13,11
person2813,22,31,23,24,11
person2814,45,32,27,49,2
person2815,33,28,40,44,4
person2816,15,48,32,11,9
person2817,15,18,26,15,15
person2818,19,25,47,24,13
person2819,46,12,21,13,7
person2820,31,24,30,20,5
person2821,35,16,42,32,4
person2822,29,34,41,43,8
person2823,28,19,25,48,14
person2824,30,13,33,31,4
person2825,33,16,25,23,7
person2826,45,45,49,25,1
person2827,37,47,45,23,1
person2828,36,23,16,19,7
person2829,17,13,36,28,13
person2830,45,25,27,35,6
person2831,36,39,50,10,1
person2832,41,18,17,10,7
person2833,44,38,22,32,2
person2834,38,18,45,21,5
person2835,26,22,33,47,12
person2836,18,45,23,41,10
person2837,41,33,20,45,2
person2838,15,29,17,41,14
person2839,36,11,31,16,5
person2840,41,16,22,40,6
person2841,35,40,21,20,3
person2842,37,24,29,30,6
person2843,37,18,18,29,7
person2844,37,40,46,24,1
person2845,48,44,45,22,1
person2846,45,18,40,36,4
person2847,26,40,42,39,8
person2848,31,21,39,24,5
person2849,42,19,40,28,5
person2850,25,14,19,37,14
person2851,10,17,21,36,14
person2852,49,33,43,23,1
person2853,24,46,23,44,10
person2854,44,33,41,48,0
person2855,30,41,23,27,3
person2856,17,19,11,48,14
person2857,33,12,15,48,6
person2858,35,17,14,31,6
person2859,33,14,12,23,7
person2860,25,40,32,41,8
person2861,18,30,24,21,11
person2862,29,28,20,27,15
person2863,40,11,11,29,7
person2864,31,43,27,13,3
person2865,47,40,16,34,2
person2866,10,23,36,20,13
person2867,35,37,39,46,0
person2868,44,16,20,40,6
person2869,44,22,20,22,7
person2870,21,14,21,46,14
person2871,10,34,14,12,11
person2872,14,25,16,49,14
person2873,11,49,49,20,9
person2874,37,45,14,16,3
person2875,43,15,34,38,4
person2876,37,16,44,47,4
person2877,25,31,26,19,11
person2878,42,26,44,48,4
person2879,47,30,18,13,3
person2880,15,48,21,29,11
person2881,48,44,13,35,2
person2882,17,39,46,26,9
person2883,12,20,40,15,13
person2884,37,50,16,49,2
person2885,27,34,25,40,10
person2886,47,14,21,46,6
person2887,42,19,33,49,4
person2888,45,18,13,11,7
person2889,28,12,12,43,14
person2890,28,45,24,33,10
person2891,40,41,44,45,0
person2892,48,25,29,43,6
person2893,26,15,18,37,14
person2894,44,44,27,19,3
person2895,10,46,16,44,10
person2896,33,10,22,46,6
person2897,10,21,33,29,13
person2898,41,24,39,25,5
person2899,18,11,19,21,15
person2900,27,20,14,19,15
person2901,40,23,23,11,7
person2902,47,23,45,36,4
person2903,49,32,34,25,1
person2904,42,45,47,24,1
person2905,26,41,40,25,9
person2906,31,14,25,49,6
person2907,47,41,11,11,3
person2908,37,27,21,47,6
person2909,33,34,23,37,2
person2910,26,12,41,26,13
person2911,18,19,33,43,12
person2912,49,47,20,20,3
person2913,39,17,34,42,4
person2914,50,37,38,48,0
person2915,38,15,30,50,4
person2916,18,25,39,24,13
person2917,47,19,41,30,4
person2918,12,18,31,20,13
person2919,49,46,33,30,0
person2920,42,46,50,45,0
person2921,34,44,43,24,1
person2922,32,38,49,38,0
person2923,45,27,36,26,5
person2924,24,44,42,16,9
person2925,27,17,48,40,12
person2926,26,40,13,12,11
person2927,16,17,35,11,13
person2928,39,34,22,26,3
person2929,27,47,38,27,9
person2930,28,30,22,21,11
person2931,10,17,24,44,14
person2932,45,39,33,38,0
person2933,50,45,10,44,2
person2934,43,14,23,46,6
person2935,49,34,26,12,3
person2936,39,44,20,39,2
person2937,26,26,32,41,12
person2938,35,13,13,11,7
person2939,43,40,30,24,1
person2940,19,46,27,24,11
person2941,44,47,41,36,0
person2942,12,18,29,22,15
person2943,49,31,14,45,2
person2944,27,40,49,48,8
person2945,32,35,21,12,3
person2946,18,24,26,13,15
person2947,43,47,12,29,3
person2948,39,20,36,32,4
person2949,26,37,41,37,8
person2950,18,27,31,23,13
person2951,31,13,17,41,6
person2952,39,12,44,31,4
person2953,43,42,42,21,1
person2954,17,25,50,50,12
person2955,14,17,23,49,14
person2956,24,46,21,21,11
person2957,36,15,16,16,7
person2958,11,15,31,19,13
person2959,47,35,23,19,3
person2960,12,12,16,22,15
person2961,31,13,18,15,7
person2962,46,45,19,31,2
person2963,20,31,14,35,10
person2964,36,33,16,26,3
person2965,49,28,21,32,6
person2966,38,20,31,17,5
person2967,28,36,37,40,8
person2968,47,15,30,37,4
person2969,31,36,11,12,3
person2970,17,12,17,37,14
person2971,50,41,49,27,1
person2972,26,39,24,10,11
person2973,44,21,27,42,6
person2974,35,50,35,19,1
person2975,46,47,48,16,1
person2976,47,16,33,46,4
person2977,30,40,21,41,2
person2978,47,25,47,28,5
person2979,12,39,43,27,9
person2980,40,46,29,44,2
person2981,39,11,21,16,7
person2982,24,27,46,31,12
person2983,12,30,26,45,10
person2984,35,36,32,10,1
person2985,39,34,14,21,3
person2986,41,27,45,48,4
person2987,24,31,39,42,8
person2988,28,39,14,48,10
person2989,20,22,21,21,15
person2990,27,18,41,37,12
person2991,14,21,27,20,15
person2992,43,11,23,48,6
person2993,31,24,13,17,7
person2994,34,36,35,43,0
person2995,45,10,18,27,7
person2996,16,10,13,13,15
person2997,14,31,50,50,8
person2998,17,16,44,48,12
person2999,35,13,32,48,4
person3000,22,12,19,35,14
